<?xml version='1.0' encoding='utf-8'?>
<!DOCTYPE Pulseprogram [
<!ELEMENT Pulseprogram (Durs) >
<!ATTLIST Pulseprogram 
	source CDATA #REQUIRED
	version CDATA #REQUIRED
	path CDATA #REQUIRED
>
<!ELEMENT Phaseprograms (PTList?, Label?, Dur)* >
<!ELEMENT Durs (PTList?, Label?, Dur)* >
<!ELEMENT PTList (PTrain, Dur)* >
<!ATTLIST PTList Align CDATA #REQUIRED >
<!ELEMENT PTrain (Dur)* >
<!ATTLIST PTList Align CDATA #IMPLIED >
<!ELEMENT Dur (Name, Time?, Mult?, Event?, Phase?, Power?, Amplitude?, Pulse?, Shape?, Gradient?, Goto?, Loop?) >
<!ATTLIST Dur Line CDATA #REQUIRED >
<!ELEMENT Name (#PCDATA) >
<!ELEMENT Time (#PCDATA) >
<!ELEMENT Mult (#PCDATA) >
<!ELEMENT Event (Channel?, Purpose?, Par?, Synch?, Gate?, Equation?, Fileno?, List?, Argument?, Kind?) >
<!ATTLIST Event Type CDATA #REQUIRED >
<!ELEMENT Channel (#PCDATA) >
<!ELEMENT Purpose (#PCDATA) >
<!ELEMENT Par (#PCDATA) >
<!ELEMENT Synch (#PCDATA) >
<!ELEMENT Gate (#PCDATA) >
<!ELEMENT Equation (#PCDATA) >
<!ELEMENT Fileno (#PCDATA) >
<!ELEMENT List (#PCDATA) >
<!ELEMENT Argument (#PCDATA) >
<!ELEMENT Kind (#PCDATA) >
<!ELEMENT Label (#PCDATA) >
<!ELEMENT Phase (Channel, Phaseprogram?, Value?, Par?, Destination?, Addphase?) >
<!ELEMENT Phaseprogram (#PCDATA) >
<!ELEMENT Destination (#PCDATA) >
<!ELEMENT Value (#PCDATA) >
<!ELEMENT Power ((Par | Value | List), Unit?) >
<!ELEMENT Amplitude ((Par | Value | List), Unit?) >
<!ELEMENT Pulse (Channel) >
<!ELEMENT Shape (Par, Channel, Power) >
<!ELEMENT Gradient EMPTY >
<!ELEMENT Goto (Label, Condition?) >
<!ELEMENT Loop (Label, (Counter | Value)) >
<!ELEMENT Counter (#PCDATA) >
<!ELEMENT Delays (#PCDATA) >
<!ELEMENT Pulses (#PCDATA) >
<!ELEMENT Loopcounters (#PCDATA) >
<!ELEMENT DelayIncrements (#PCDATA) >
<!ELEMENT PulseIncrements (#PCDATA) >
<!ELEMENT Shapes (Name, Number, NumSlices, Offsfreq, Align, Amplitudes, Phases) >
<!ELEMENT Number (#PCDATA) >
<!ELEMENT NumSlices (#PCDATA) >
<!ELEMENT Offsfreq (#PCDATA) >
<!ELEMENT Align (#PCDATA) >
<!ELEMENT Amplitudes (#PCDATA) >
<!ELEMENT Phases (#PCDATA) >
]>

<Pulseprogram source="go4" version="4.0" 
		path="C:/Research_Folder/2021 GEMSTONE NMR/230420 Angew_rev/1/">
<Variables>
	"d2=1s/(cnst2*2)"
	"D[2]=d2"
	"D[65]=de1"
	"D[67]=de"
	"D[69]=derx"
	"D[70]=deadc"
	"D[71]=depa"
	"D[72]=aq"
	"D[80]=dw"
	"D[88]=dwov"
	"D[128]=aq_job1"
	"DELTA=p1*4/PI"
	"D[158]=DELTA"
	"DELTA1=p16+3u"
	"D[159]=DELTA1"
	"MCWRK = 0.333333*30m"
	"D[206]=MCWRK"
	"MCREST = 30m - 30m"
	"D[207]=MCREST"
	"p4=p3*2"
	"P[4]=p4"
	"acqt0_F1=-p1*2/PI"
	"P[73]=acqt0_F1"
	"P[88]=pcpd1"
	"P[89]=pcpd2"
	"P[90]=pcpd3"
	"P[91]=pcpd4"
	"P[92]=pcpd5"
	"P[93]=pcpd6"
	"P[94]=pcpd7"
	"P[95]=pcpd8"
	"l1=FACTOR1*2"
	"L[1]=l1"
	"L[72]=ds"
	"L[73]=ns"
	"L[75]=td"
	"L[83]=decim"
	"L[93]=td0"
	"L[109]=spincnt"
	"FACTOR1=(d9/(p6*115.112))/2"
	"L[112]=FACTOR1"
</Variables>
<WvmVariables>
	<UserPulse><UserName>p4</UserName><ForegroundPulse>p3*2</ForegroundPulse></UserPulse>
	<UserPulse><UserName>acqt0_F1</UserName><ForegroundPulse>-p1*2/PI</ForegroundPulse></UserPulse>
</WvmVariables>
<Mainprogram>
	<Name>C:/Research_Folder/2021 GEMSTONE NMR/230420 Angew_rev/1/pulseprogram.precomp</Name>
	<Durs>
		<Dur Line="0">
			<Name>fixdel</Name>
			<Time>0.200000</Time>
			<Event type="II"><Channel>1</Channel></Event>
			<Event type="II"><Channel>2</Channel></Event>
		</Dur>
		<Dur Line="0">
			<Name>fixdel</Name>
			<Time>0.200000</Time>
			<Event type="II"><Channel>1</Channel></Event>
			<Event type="II"><Channel>2</Channel></Event>
		</Dur>
		<Dur Line="0">
			<Name>fixdel</Name>
			<Time>0.200000</Time>
			<Event type="II"><Channel>1</Channel></Event>
			<Event type="II"><Channel>2</Channel></Event>
		</Dur>
		<Dur Line="0">
			<Name>fixdel</Name>
			<Time>0.200000</Time>
			<Event type="II"><Channel>1</Channel></Event>
			<Event type="II"><Channel>2</Channel></Event>
		</Dur>
<!-- UHPT-TOCSY-DEPT45 line   1->; A Single-Scan Ultraselective Heteronuclear Polarization Transfer Method for Unambiguous Complex Structure Assignment -->
<!-- UHPT-TOCSY-DEPT45 line   2->; J. W. Cha, M.-S. Kim and J.-S. Park  -->
<!-- UHPT-TOCSY-DEPT45 line   3->; Avance-neo / Topspin 4.1.4 (23/04/24) -->
<!-- UHPT-TOCSY-DEPT45 line   4->; UHPT-TOCSY-DEPT45 version -->
<!-- UHPT-TOCSY-DEPT45 line   6->; Wavemaker compatible, use wvm -a to set up the GEMSTONE pulses. -->
<!-- UHPT-TOCSY-DEPT45 line   8->; single scan GEMSTONE experiment with 1D TOCSY -->
<!-- UHPT-TOCSY-DEPT45 line   9->; P. Kiraly, M Nilsson, G.A. Morris and R.W.Adams -->
<!-- UHPT-TOCSY-DEPT45 line  10->; 04/02/2021 -->
<!-- UHPT-TOCSY-DEPT45 line  12->; -->
<!-- UHPT-TOCSY-DEPT45 line  13->;$CLASS=HighRes -->
<!-- UHPT-TOCSY-DEPT45 line  14->;$DIM=1D -->
<!-- UHPT-TOCSY-DEPT45 line  15->;$TYPE= -->
<!-- UHPT-TOCSY-DEPT45 line  16->;$SUBTYPE= -->
<!-- UHPT-TOCSY-DEPT45 line  17->;$COMMENT= -->
<!-- Avance.incl line   1->;Avance4.incl -->
<!-- Avance.incl line   2->;   for AV 4 -->
<!-- Avance.incl line   3->; -->
<!-- Avance.incl line   4->;avance-version (16/08/18) -->
<!-- Avance.incl line   5->; -->
<!-- Avance.incl line   6->;$CLASS=Common Incl -->
<!-- Avance.incl line   7->;$COMMENT= -->
<!-- Avance.incl line  19->;setrtp0 denotes TimingController -->
<!-- Avance.incl line 123->;#define LOWQ -->
<!-- Avance.incl line 124->;#define HIGHQ -->
<!-- Avance.incl line 127->;#define MIX_UP -->
<!-- Avance.incl line 128->;#define MIX_DOWN -->
<!-- Avance.incl line 136->;$Id:$ -->
<!-- Grad.incl line   1->;Grad4.incl  -  include file for Gradient Spectroscopy -->
<!-- Grad.incl line   2->;   for AV 4 -->
<!-- Grad.incl line   3->; -->
<!-- Grad.incl line   4->;avance-version (16/05/23) -->
<!-- Grad.incl line   5->; -->
<!-- Grad.incl line   6->;$CLASS=Common Incl -->
<!-- Grad.incl line   7->;$COMMENT= -->
<!-- Grad.incl line  26->define list<gradient> EA=<EA> -->
<!-- Grad.incl line  30->;$Id:$ -->
<!-- Delay.incl line   1->;Delay.incl  -  include file for commonly used delays -->
<!-- Delay.incl line   2->; -->
<!-- Delay.incl line   3->;version (13/08/07) -->
<!-- Delay.incl line   4->; -->
<!-- Delay.incl line   5->;$CLASS=Common Incl -->
<!-- Delay.incl line   6->;$COMMENT= -->
<!-- Delay.incl line   9->;general delays -->
<!-- Delay.incl line  11->define delay DELTA -->
<!-- Delay.incl line  12->define delay DELTA1 -->
<!-- Delay.incl line  13->define delay DELTA2 -->
<!-- Delay.incl line  14->define delay DELTA3 -->
<!-- Delay.incl line  15->define delay DELTA4 -->
<!-- Delay.incl line  16->define delay DELTA5 -->
<!-- Delay.incl line  17->define delay DELTA6 -->
<!-- Delay.incl line  18->define delay DELTA7 -->
<!-- Delay.incl line  19->define delay DELTA8 -->
<!-- Delay.incl line  20->define delay DELTA9 -->
<!-- Delay.incl line  21->define delay DELTA10 -->
<!-- Delay.incl line  22->define delay DELTA11 -->
<!-- Delay.incl line  23->define delay DELTA12 -->
<!-- Delay.incl line  24->define delay DELTA13 -->
<!-- Delay.incl line  25->define delay DELTA14 -->
<!-- Delay.incl line  26->define delay DELTA15 -->
<!-- Delay.incl line  27->define delay DELTA16 -->
<!-- Delay.incl line  29->define delay TAU -->
<!-- Delay.incl line  30->define delay TAU1 -->
<!-- Delay.incl line  31->define delay TAU2 -->
<!-- Delay.incl line  32->define delay TAU3 -->
<!-- Delay.incl line  33->define delay TAU4 -->
<!-- Delay.incl line  34->define delay TAU5 -->
<!-- Delay.incl line  35->define delay TAU6 -->
<!-- Delay.incl line  36->define delay TAU7 -->
<!-- Delay.incl line  37->define delay TAU8 -->
<!-- Delay.incl line  38->define delay TAU9 -->
<!-- Delay.incl line  40->define delay INCR1 -->
<!-- Delay.incl line  41->define delay INCR2 -->
<!-- Delay.incl line  42->define delay INCR3 -->
<!-- Delay.incl line  43->define delay INCR4 -->
<!-- Delay.incl line  44->define delay INCR5 -->
<!-- Delay.incl line  45->define delay INCR6 -->
<!-- Delay.incl line  48->;delays for centering pulses -->
<!-- Delay.incl line  50->define delay CEN_HN1 -->
<!-- Delay.incl line  51->define delay CEN_HN2 -->
<!-- Delay.incl line  52->define delay CEN_HN3 -->
<!-- Delay.incl line  53->define delay CEN_HC1 -->
<!-- Delay.incl line  54->define delay CEN_HC2 -->
<!-- Delay.incl line  55->define delay CEN_HC3 -->
<!-- Delay.incl line  56->define delay CEN_HC4 -->
<!-- Delay.incl line  57->define delay CEN_HP1 -->
<!-- Delay.incl line  58->define delay CEN_HP2 -->
<!-- Delay.incl line  59->define delay CEN_CN1 -->
<!-- Delay.incl line  60->define delay CEN_CN2 -->
<!-- Delay.incl line  61->define delay CEN_CN3 -->
<!-- Delay.incl line  62->define delay CEN_CN4 -->
<!-- Delay.incl line  63->define delay CEN_CP1 -->
<!-- Delay.incl line  64->define delay CEN_CP2 -->
<!-- Delay.incl line  67->;loop counters -->
<!-- Delay.incl line  69->define loopcounter COUNTER -->
<!-- Delay.incl line  70->define loopcounter SCALEF -->
<!-- Delay.incl line  71->define loopcounter FACTOR1 -->
<!-- Delay.incl line  72->define loopcounter FACTOR2 -->
<!-- Delay.incl line  73->define loopcounter FACTOR3 -->
<!-- Delay.incl line  74->define loopcounter FACTOR4 -->
<!-- Delay.incl line  75->define loopcounter FACTOR5 -->
<!-- Delay.incl line  76->define loopcounter FACTOR6 -->
<!-- Delay.incl line  80->;$Id:$ -->
<!-- UHPT-TOCSY-DEPT45 line  24->"cnst2=145" -->
<!-- UHPT-TOCSY-DEPT45 line  25->"p4=p3*2" -->
<!-- UHPT-TOCSY-DEPT45 line  26->"d2=1s/(cnst2*2)" -->
<!-- UHPT-TOCSY-DEPT45 line  28->"DELTA=p1*4/PI" -->
<!-- UHPT-TOCSY-DEPT45 line  29->"DELTA1=p16+3u" -->
<!-- UHPT-TOCSY-DEPT45 line  31->"FACTOR1=(d9/(p6*115.112))/2" -->
<!-- UHPT-TOCSY-DEPT45 line  32->"l1=FACTOR1*2" -->
<!-- UHPT-TOCSY-DEPT45 line  34->;WaveMaker definitions -->
<!-- UHPT-TOCSY-DEPT45 line  35->;cnst50: duration of the band-selective RSNOB pulse [ms] -->
<!-- UHPT-TOCSY-DEPT45 line  36->;cnst51: sweep-width of the adiabatic pulse [Hz] -->
<!-- UHPT-TOCSY-DEPT45 line  37->;cnst52: duration of the adiabatic pulse [t1max/2: 50-250 ms] -->
<!-- UHPT-TOCSY-DEPT45 line  39->;sp2(p12):wvm:UHPT_rsb:f2 rsnob(cnst50 ms) ss=10.0us; -->
<!-- UHPT-TOCSY-DEPT45 line  40->;sp41:wvm:UHPT_bb1:f2 wurst-80(cnst51 Hz, cnst52 ms; L2H, Q=11) ss=5.0us; -->
<!-- UHPT-TOCSY-DEPT45 line  41->;sp42:wvm:UHPT_bb2:f2 wurst-80(cnst51 Hz, cnst52 ms; H2L, Q=11) ss=5.0us; -->
<!-- UHPT-TOCSY-DEPT45 line  43->"acqt0=-p1*2/PI" -->
<!-- UHPT-TOCSY-DEPT45 line  45, macro exp. def. 1->; dimension 1D; AQ_mode  -->
<!-- UHPT-TOCSY-DEPT45 line  45, macro exp. def. 2->define delay MCWRK -->
<!-- UHPT-TOCSY-DEPT45 line  45, macro exp. def. 3->define delay MCREST -->
<!-- UHPT-TOCSY-DEPT45 line  45, macro exp. def. 4->"MCREST = 30m - 30m" -->
<!-- UHPT-TOCSY-DEPT45 line  45, macro exp. def. 5->"MCWRK = 0.333333*30m" -->
<!-- UHPT-TOCSY-DEPT45 line  45->1 ze -->
		<Label>1</Label>
		<Dur Line="173">
			<Name>fixdel</Name>
			<Time>3000.000000</Time>
			<Event type="ze">
				<Channel>2</Channel>
			</Event>
		</Dur>
<!-- UHPT-TOCSY-DEPT45 line  46, macro exp. start 1->2 MCWRK  * 2 do:f2 -->
		<Label>2</Label>
		<Dur Line="177">
			<Name>MCWRK</Name>
			<Mult>2</Mult>
			<Event type="DO">
				<Channel>2</Channel>
			</Event>
		</Dur>
<!-- UHPT-TOCSY-DEPT45 line  46, macro exp. start 2->LBLF0, MCWRK  -->
		<Label>LBLF0</Label>
		<Dur Line="178">
			<Name>MCWRK</Name>
		</Dur>
<!-- UHPT-TOCSY-DEPT45 line  46, macro exp. start 3->  MCREST -->
		<Dur Line="179">
			<Name>MCREST</Name>
		</Dur>
<!-- UHPT-TOCSY-DEPT45 line  47->  20u  -->
		<Dur Line="181">
			<Name>fixdel</Name>
			<Time>20.000000</Time>
		</Dur>
<!-- UHPT-TOCSY-DEPT45 line  48->  d1 pl2:f2 -->
		<Dur Line="182">
			<Name>d1</Name>
			<Power> <Par>PLW2</Par><Channel>2</Channel></Power>
		</Dur>
<!-- UHPT-TOCSY-DEPT45 line  49->  50u setrtp0|0 ctrlgrad 0 -->
		<Dur Line="183">
			<Name>fixdel</Name>
			<Time>50.000000</Time>
			<gradientStatement> <type>GRCTRL</type> <num>0</num>
			</gradientStatement>
		</Dur>
<!-- UHPT-TOCSY-DEPT45 line  51->  (p3 ph1):f2 -->
<!-- UHPT-TOCSY-DEPT45 line  52->( -->
<!-- UHPT-TOCSY-DEPT45 line  53->  center  -->
		<PTList> <Align>left</Align>
			<PTrain>
				<Dur Line="185">
					<Name>p3</Name>
					<Pulse><Channel>2</Channel></Pulse>
					<Phase>
						<Phaseprogram>ph1</Phaseprogram>
						<Channel>1</Channel>
					</Phase>
				</Dur>
			</PTrain>
		</PTList>
<!-- UHPT-TOCSY-DEPT45 line  54->  (d16)  -->
		<PTList> <Align>center</Align>
			<PTrain>
				<Dur Line="188">
					<Name>d16</Name>
				</Dur>
			</PTrain>
<!-- UHPT-TOCSY-DEPT45 line  55->  (p4 ph3):f2 -->
<!-- UHPT-TOCSY-DEPT45 line  56->) -->
			<PTrain>
				<Dur Line="189">
					<Name>p4</Name>
					<Pulse><Channel>2</Channel></Pulse>
					<Phase>
						<Phaseprogram>ph3</Phaseprogram>
						<Channel>1</Channel>
					</Phase>
				</Dur>
			</PTrain>
		</PTList>
<!-- UHPT-TOCSY-DEPT45 line  57->  1u pl0:f2 -->
		<Dur Line="191">
			<Name>fixdel</Name>
			<Time>1.000000</Time>
			<Power> <Par>PLW0</Par><Channel>2</Channel></Power>
		</Dur>
<!-- UHPT-TOCSY-DEPT45 line  58->  (center (p41:sp41 ph6):f2 (p41:gp11)) -->
		<PTList> <Align>center</Align>
			<PTrain>
				<Dur Line="192">
					<Name>p41</Name>
					<Shape>
						<Par>SP41</Par>
						<Channel>2</Channel>
						<Power>shape</Power>
					</Shape>
					<Phase>
						<Phaseprogram>ph6</Phaseprogram>
						<Channel>1</Channel>
					</Phase>
				</Dur>
			</PTrain>
			<PTrain>
				<Dur Line="192">
					<Name>p41</Name>
					<gradientStatement> <type>GRST</type> <num>0</num>
						<gradshape>GP11</gradshape>
					</gradientStatement>
				</Dur>
			</PTrain>
		</PTList>
<!-- UHPT-TOCSY-DEPT45 line  59->  1u -->
		<Dur Line="193">
			<Name>fixdel</Name>
			<Time>1.000000</Time>
		</Dur>
<!-- UHPT-TOCSY-DEPT45 line  60->	d16 pl2:f2 -->
		<Dur Line="194">
			<Name>d16</Name>
			<Power> <Par>PLW2</Par><Channel>2</Channel></Power>
		</Dur>
<!-- UHPT-TOCSY-DEPT45 line  61->DELTA1 -->
		<Dur Line="195">
			<Name>DELTA1</Name>
		</Dur>
<!-- UHPT-TOCSY-DEPT45 line  62->(p4 ph3):f2 -->
		<PTList> <Align>left</Align>
			<PTrain>
				<Dur Line="196">
					<Name>p4</Name>
					<Pulse><Channel>2</Channel></Pulse>
					<Phase>
						<Phaseprogram>ph3</Phaseprogram>
						<Channel>1</Channel>
					</Phase>
				</Dur>
			</PTrain>
		</PTList>
<!-- UHPT-TOCSY-DEPT45 line  63->  3u pl0:f2 -->
		<Dur Line="197">
			<Name>fixdel</Name>
			<Time>3.000000</Time>
			<Power> <Par>PLW0</Par><Channel>2</Channel></Power>
		</Dur>
<!-- UHPT-TOCSY-DEPT45 line  64->  p16:gp1 -->
		<Dur Line="198">
			<Name>p16</Name>
			<gradientStatement> <type>GRST</type> <num>1</num>
				<gradshape>GP1</gradshape>
			</gradientStatement>
		</Dur>
<!-- UHPT-TOCSY-DEPT45 line  65->  d16 pl13:f1 -->
		<Dur Line="199">
			<Name>d16</Name>
			<Power> <Par>PLW13</Par><Channel>1</Channel></Power>
		</Dur>
<!-- UHPT-TOCSY-DEPT45 line  66->4u cpds1:f1 ph3 -->
		<Dur Line="200">
			<Name>fixdel</Name>
			<Time>4.000000</Time>
			<Event type="CPDPRG1">
				<synch>yes</synch>
				<gate>yes</gate>
				<Channel>1</Channel>
			</Event>
			<Phase>
				<Phaseprogram>ph3</Phaseprogram>
				<Channel>1</Channel>
			</Phase>
		</Dur>
<!-- UHPT-TOCSY-DEPT45 line  67->p12:sp2:f2 ph2:r;(p12:sp2 ph2):f2 -->
		<Dur Line="201">
			<Name>p12</Name>
			<Shape>
				<Par>SP2</Par>
				<Channel>2</Channel>
				<Power>shape</Power>
			</Shape>
			<Phase>
				<Phaseprogram>ph2</Phaseprogram>
				<Channel>1</Channel>
			</Phase>
		</Dur>
<!-- UHPT-TOCSY-DEPT45 line  68->4u do:f1 -->
		<Dur Line="202">
			<Name>fixdel</Name>
			<Time>4.000000</Time>
			<Event type="DO">
				<Channel>1</Channel>
			</Event>
		</Dur>
<!-- UHPT-TOCSY-DEPT45 line  69->  3u -->
		<Dur Line="203">
			<Name>fixdel</Name>
			<Time>3.000000</Time>
		</Dur>
<!-- UHPT-TOCSY-DEPT45 line  70->  p16:gp1 -->
		<Dur Line="204">
			<Name>p16</Name>
			<gradientStatement> <type>GRST</type> <num>2</num>
				<gradshape>GP1</gradshape>
			</gradientStatement>
		</Dur>
<!-- UHPT-TOCSY-DEPT45 line  71->  d16 pl2:f2 -->
		<Dur Line="205">
			<Name>d16</Name>
			<Power> <Par>PLW2</Par><Channel>2</Channel></Power>
		</Dur>
<!-- UHPT-TOCSY-DEPT45 line  72->(p4 ph3):f2 -->
		<PTList> <Align>left</Align>
			<PTrain>
				<Dur Line="206">
					<Name>p4</Name>
					<Pulse><Channel>2</Channel></Pulse>
					<Phase>
						<Phaseprogram>ph3</Phaseprogram>
						<Channel>1</Channel>
					</Phase>
				</Dur>
			</PTrain>
		</PTList>
<!-- UHPT-TOCSY-DEPT45 line  73->DELTA1 -->
		<Dur Line="207">
			<Name>DELTA1</Name>
		</Dur>
<!-- UHPT-TOCSY-DEPT45 line  75->	d16 pl0:f2 -->
		<Dur Line="209">
			<Name>d16</Name>
			<Power> <Par>PLW0</Par><Channel>2</Channel></Power>
		</Dur>
<!-- UHPT-TOCSY-DEPT45 line  76->  1u  -->
		<Dur Line="210">
			<Name>fixdel</Name>
			<Time>1.000000</Time>
		</Dur>
<!-- UHPT-TOCSY-DEPT45 line  77-> (center (p42:sp42 ph7):f2 (p42:gp12)) -->
		<PTList> <Align>center</Align>
			<PTrain>
				<Dur Line="211">
					<Name>p42</Name>
					<Shape>
						<Par>SP42</Par>
						<Channel>2</Channel>
						<Power>shape</Power>
					</Shape>
					<Phase>
						<Phaseprogram>ph7</Phaseprogram>
						<Channel>1</Channel>
					</Phase>
				</Dur>
			</PTrain>
			<PTrain>
				<Dur Line="211">
					<Name>p42</Name>
					<gradientStatement> <type>GRST</type> <num>3</num>
						<gradshape>GP12</gradshape>
					</gradientStatement>
				</Dur>
			</PTrain>
		</PTList>
<!-- UHPT-TOCSY-DEPT45 line  78->  1u pl2:f2 -->
<!-- UHPT-TOCSY-DEPT45 line  79->( -->
<!-- UHPT-TOCSY-DEPT45 line  80->  center  -->
		<Dur Line="212">
			<Name>fixdel</Name>
			<Time>1.000000</Time>
			<Power> <Par>PLW2</Par><Channel>2</Channel></Power>
		</Dur>
<!-- UHPT-TOCSY-DEPT45 line  81->  (d16)  -->
		<PTList> <Align>center</Align>
			<PTrain>
				<Dur Line="215">
					<Name>d16</Name>
				</Dur>
			</PTrain>
<!-- UHPT-TOCSY-DEPT45 line  82->  (p4 ph3):f2 -->
<!-- UHPT-TOCSY-DEPT45 line  83->) -->
			<PTrain>
				<Dur Line="216">
					<Name>p4</Name>
					<Pulse><Channel>2</Channel></Pulse>
					<Phase>
						<Phaseprogram>ph3</Phaseprogram>
						<Channel>1</Channel>
					</Phase>
				</Dur>
			</PTrain>
		</PTList>
<!-- UHPT-TOCSY-DEPT45 line  85->  (p3 ph3):f2 -->
		<PTList> <Align>left</Align>
			<PTrain>
				<Dur Line="219">
					<Name>p3</Name>
					<Pulse><Channel>2</Channel></Pulse>
					<Phase>
						<Phaseprogram>ph3</Phaseprogram>
						<Channel>1</Channel>
					</Phase>
				</Dur>
			</PTrain>
		</PTList>
<!-- UHPT-TOCSY-DEPT45 line  86->  10u pl10:f2 -->
<!-- UHPT-TOCSY-DEPT45 line  89->						;begin DIPSI2 -->
		<Dur Line="220">
			<Name>fixdel</Name>
			<Time>10.000000</Time>
			<Power> <Par>PLW10</Par><Channel>2</Channel></Power>
		</Dur>
<!-- UHPT-TOCSY-DEPT45 line  90->4 (p6*3.556 ph23):f2 -->
		<Label>4</Label>
		<PTList> <Align>left</Align>
			<PTrain>
				<Dur Line="223">
					<Name>p6</Name>
					<Mult>3.556</Mult>
					<Pulse><Channel>2</Channel></Pulse>
					<Phase>
						<Phaseprogram>ph23</Phaseprogram>
						<Channel>1</Channel>
					</Phase>
				</Dur>
			</PTrain>
		</PTList>
<!-- UHPT-TOCSY-DEPT45 line  91->(p6*4.556 ph25):f2 -->
		<PTList> <Align>left</Align>
			<PTrain>
				<Dur Line="224">
					<Name>p6</Name>
					<Mult>4.556</Mult>
					<Pulse><Channel>2</Channel></Pulse>
					<Phase>
						<Phaseprogram>ph25</Phaseprogram>
						<Channel>1</Channel>
					</Phase>
				</Dur>
			</PTrain>
		</PTList>
<!-- UHPT-TOCSY-DEPT45 line  92->(p6*3.222 ph23):f2 -->
		<PTList> <Align>left</Align>
			<PTrain>
				<Dur Line="225">
					<Name>p6</Name>
					<Mult>3.222</Mult>
					<Pulse><Channel>2</Channel></Pulse>
					<Phase>
						<Phaseprogram>ph23</Phaseprogram>
						<Channel>1</Channel>
					</Phase>
				</Dur>
			</PTrain>
		</PTList>
<!-- UHPT-TOCSY-DEPT45 line  93->(p6*3.167 ph25):f2 -->
		<PTList> <Align>left</Align>
			<PTrain>
				<Dur Line="226">
					<Name>p6</Name>
					<Mult>3.167</Mult>
					<Pulse><Channel>2</Channel></Pulse>
					<Phase>
						<Phaseprogram>ph25</Phaseprogram>
						<Channel>1</Channel>
					</Phase>
				</Dur>
			</PTrain>
		</PTList>
<!-- UHPT-TOCSY-DEPT45 line  94->(p6*0.333 ph23):f2 -->
		<PTList> <Align>left</Align>
			<PTrain>
				<Dur Line="227">
					<Name>p6</Name>
					<Mult>0.333</Mult>
					<Pulse><Channel>2</Channel></Pulse>
					<Phase>
						<Phaseprogram>ph23</Phaseprogram>
						<Channel>1</Channel>
					</Phase>
				</Dur>
			</PTrain>
		</PTList>
<!-- UHPT-TOCSY-DEPT45 line  95->(p6*2.722 ph25):f2 -->
		<PTList> <Align>left</Align>
			<PTrain>
				<Dur Line="228">
					<Name>p6</Name>
					<Mult>2.722</Mult>
					<Pulse><Channel>2</Channel></Pulse>
					<Phase>
						<Phaseprogram>ph25</Phaseprogram>
						<Channel>1</Channel>
					</Phase>
				</Dur>
			</PTrain>
		</PTList>
<!-- UHPT-TOCSY-DEPT45 line  96->(p6*4.167 ph23):f2 -->
		<PTList> <Align>left</Align>
			<PTrain>
				<Dur Line="229">
					<Name>p6</Name>
					<Mult>4.167</Mult>
					<Pulse><Channel>2</Channel></Pulse>
					<Phase>
						<Phaseprogram>ph23</Phaseprogram>
						<Channel>1</Channel>
					</Phase>
				</Dur>
			</PTrain>
		</PTList>
<!-- UHPT-TOCSY-DEPT45 line  97->(p6*2.944 ph25):f2 -->
		<PTList> <Align>left</Align>
			<PTrain>
				<Dur Line="230">
					<Name>p6</Name>
					<Mult>2.944</Mult>
					<Pulse><Channel>2</Channel></Pulse>
					<Phase>
						<Phaseprogram>ph25</Phaseprogram>
						<Channel>1</Channel>
					</Phase>
				</Dur>
			</PTrain>
		</PTList>
<!-- UHPT-TOCSY-DEPT45 line  98->(p6*4.111 ph23):f2 -->
		<PTList> <Align>left</Align>
			<PTrain>
				<Dur Line="231">
					<Name>p6</Name>
					<Mult>4.111</Mult>
					<Pulse><Channel>2</Channel></Pulse>
					<Phase>
						<Phaseprogram>ph23</Phaseprogram>
						<Channel>1</Channel>
					</Phase>
				</Dur>
			</PTrain>
		</PTList>
<!-- UHPT-TOCSY-DEPT45 line  99->(p6*3.556 ph25):f2 -->
		<PTList> <Align>left</Align>
			<PTrain>
				<Dur Line="232">
					<Name>p6</Name>
					<Mult>3.556</Mult>
					<Pulse><Channel>2</Channel></Pulse>
					<Phase>
						<Phaseprogram>ph25</Phaseprogram>
						<Channel>1</Channel>
					</Phase>
				</Dur>
			</PTrain>
		</PTList>
<!-- UHPT-TOCSY-DEPT45 line 100->(p6*4.556 ph23):f2 -->
		<PTList> <Align>left</Align>
			<PTrain>
				<Dur Line="233">
					<Name>p6</Name>
					<Mult>4.556</Mult>
					<Pulse><Channel>2</Channel></Pulse>
					<Phase>
						<Phaseprogram>ph23</Phaseprogram>
						<Channel>1</Channel>
					</Phase>
				</Dur>
			</PTrain>
		</PTList>
<!-- UHPT-TOCSY-DEPT45 line 101->(p6*3.222 ph25):f2 -->
		<PTList> <Align>left</Align>
			<PTrain>
				<Dur Line="234">
					<Name>p6</Name>
					<Mult>3.222</Mult>
					<Pulse><Channel>2</Channel></Pulse>
					<Phase>
						<Phaseprogram>ph25</Phaseprogram>
						<Channel>1</Channel>
					</Phase>
				</Dur>
			</PTrain>
		</PTList>
<!-- UHPT-TOCSY-DEPT45 line 102->(p6*3.167 ph23):f2 -->
		<PTList> <Align>left</Align>
			<PTrain>
				<Dur Line="235">
					<Name>p6</Name>
					<Mult>3.167</Mult>
					<Pulse><Channel>2</Channel></Pulse>
					<Phase>
						<Phaseprogram>ph23</Phaseprogram>
						<Channel>1</Channel>
					</Phase>
				</Dur>
			</PTrain>
		</PTList>
<!-- UHPT-TOCSY-DEPT45 line 103->(p6*0.333 ph25):f2 -->
		<PTList> <Align>left</Align>
			<PTrain>
				<Dur Line="236">
					<Name>p6</Name>
					<Mult>0.333</Mult>
					<Pulse><Channel>2</Channel></Pulse>
					<Phase>
						<Phaseprogram>ph25</Phaseprogram>
						<Channel>1</Channel>
					</Phase>
				</Dur>
			</PTrain>
		</PTList>
<!-- UHPT-TOCSY-DEPT45 line 104->(p6*2.722 ph23):f2 -->
		<PTList> <Align>left</Align>
			<PTrain>
				<Dur Line="237">
					<Name>p6</Name>
					<Mult>2.722</Mult>
					<Pulse><Channel>2</Channel></Pulse>
					<Phase>
						<Phaseprogram>ph23</Phaseprogram>
						<Channel>1</Channel>
					</Phase>
				</Dur>
			</PTrain>
		</PTList>
<!-- UHPT-TOCSY-DEPT45 line 105->(p6*4.167 ph25):f2 -->
		<PTList> <Align>left</Align>
			<PTrain>
				<Dur Line="238">
					<Name>p6</Name>
					<Mult>4.167</Mult>
					<Pulse><Channel>2</Channel></Pulse>
					<Phase>
						<Phaseprogram>ph25</Phaseprogram>
						<Channel>1</Channel>
					</Phase>
				</Dur>
			</PTrain>
		</PTList>
<!-- UHPT-TOCSY-DEPT45 line 106->(p6*2.944 ph23):f2 -->
		<PTList> <Align>left</Align>
			<PTrain>
				<Dur Line="239">
					<Name>p6</Name>
					<Mult>2.944</Mult>
					<Pulse><Channel>2</Channel></Pulse>
					<Phase>
						<Phaseprogram>ph23</Phaseprogram>
						<Channel>1</Channel>
					</Phase>
				</Dur>
			</PTrain>
		</PTList>
<!-- UHPT-TOCSY-DEPT45 line 107->(p6*4.111 ph25):f2 -->
		<PTList> <Align>left</Align>
			<PTrain>
				<Dur Line="240">
					<Name>p6</Name>
					<Mult>4.111</Mult>
					<Pulse><Channel>2</Channel></Pulse>
					<Phase>
						<Phaseprogram>ph25</Phaseprogram>
						<Channel>1</Channel>
					</Phase>
				</Dur>
			</PTrain>
		</PTList>
<!-- UHPT-TOCSY-DEPT45 line 108->(p6*3.556 ph25):f2 -->
		<PTList> <Align>left</Align>
			<PTrain>
				<Dur Line="241">
					<Name>p6</Name>
					<Mult>3.556</Mult>
					<Pulse><Channel>2</Channel></Pulse>
					<Phase>
						<Phaseprogram>ph25</Phaseprogram>
						<Channel>1</Channel>
					</Phase>
				</Dur>
			</PTrain>
		</PTList>
<!-- UHPT-TOCSY-DEPT45 line 109->(p6*4.556 ph23):f2 -->
		<PTList> <Align>left</Align>
			<PTrain>
				<Dur Line="242">
					<Name>p6</Name>
					<Mult>4.556</Mult>
					<Pulse><Channel>2</Channel></Pulse>
					<Phase>
						<Phaseprogram>ph23</Phaseprogram>
						<Channel>1</Channel>
					</Phase>
				</Dur>
			</PTrain>
		</PTList>
<!-- UHPT-TOCSY-DEPT45 line 110->(p6*3.222 ph25):f2 -->
		<PTList> <Align>left</Align>
			<PTrain>
				<Dur Line="243">
					<Name>p6</Name>
					<Mult>3.222</Mult>
					<Pulse><Channel>2</Channel></Pulse>
					<Phase>
						<Phaseprogram>ph25</Phaseprogram>
						<Channel>1</Channel>
					</Phase>
				</Dur>
			</PTrain>
		</PTList>
<!-- UHPT-TOCSY-DEPT45 line 111->(p6*3.167 ph23):f2 -->
		<PTList> <Align>left</Align>
			<PTrain>
				<Dur Line="244">
					<Name>p6</Name>
					<Mult>3.167</Mult>
					<Pulse><Channel>2</Channel></Pulse>
					<Phase>
						<Phaseprogram>ph23</Phaseprogram>
						<Channel>1</Channel>
					</Phase>
				</Dur>
			</PTrain>
		</PTList>
<!-- UHPT-TOCSY-DEPT45 line 112->(p6*0.333 ph25):f2 -->
		<PTList> <Align>left</Align>
			<PTrain>
				<Dur Line="245">
					<Name>p6</Name>
					<Mult>0.333</Mult>
					<Pulse><Channel>2</Channel></Pulse>
					<Phase>
						<Phaseprogram>ph25</Phaseprogram>
						<Channel>1</Channel>
					</Phase>
				</Dur>
			</PTrain>
		</PTList>
<!-- UHPT-TOCSY-DEPT45 line 113->(p6*2.722 ph23):f2 -->
		<PTList> <Align>left</Align>
			<PTrain>
				<Dur Line="246">
					<Name>p6</Name>
					<Mult>2.722</Mult>
					<Pulse><Channel>2</Channel></Pulse>
					<Phase>
						<Phaseprogram>ph23</Phaseprogram>
						<Channel>1</Channel>
					</Phase>
				</Dur>
			</PTrain>
		</PTList>
<!-- UHPT-TOCSY-DEPT45 line 114->(p6*4.167 ph25):f2 -->
		<PTList> <Align>left</Align>
			<PTrain>
				<Dur Line="247">
					<Name>p6</Name>
					<Mult>4.167</Mult>
					<Pulse><Channel>2</Channel></Pulse>
					<Phase>
						<Phaseprogram>ph25</Phaseprogram>
						<Channel>1</Channel>
					</Phase>
				</Dur>
			</PTrain>
		</PTList>
<!-- UHPT-TOCSY-DEPT45 line 115->(p6*2.944 ph23):f2 -->
		<PTList> <Align>left</Align>
			<PTrain>
				<Dur Line="248">
					<Name>p6</Name>
					<Mult>2.944</Mult>
					<Pulse><Channel>2</Channel></Pulse>
					<Phase>
						<Phaseprogram>ph23</Phaseprogram>
						<Channel>1</Channel>
					</Phase>
				</Dur>
			</PTrain>
		</PTList>
<!-- UHPT-TOCSY-DEPT45 line 116->(p6*4.111 ph25):f2 -->
		<PTList> <Align>left</Align>
			<PTrain>
				<Dur Line="249">
					<Name>p6</Name>
					<Mult>4.111</Mult>
					<Pulse><Channel>2</Channel></Pulse>
					<Phase>
						<Phaseprogram>ph25</Phaseprogram>
						<Channel>1</Channel>
					</Phase>
				</Dur>
			</PTrain>
		</PTList>
<!-- UHPT-TOCSY-DEPT45 line 117->(p6*3.556 ph23):f2 -->
		<PTList> <Align>left</Align>
			<PTrain>
				<Dur Line="250">
					<Name>p6</Name>
					<Mult>3.556</Mult>
					<Pulse><Channel>2</Channel></Pulse>
					<Phase>
						<Phaseprogram>ph23</Phaseprogram>
						<Channel>1</Channel>
					</Phase>
				</Dur>
			</PTrain>
		</PTList>
<!-- UHPT-TOCSY-DEPT45 line 118->(p6*4.556 ph25):f2 -->
		<PTList> <Align>left</Align>
			<PTrain>
				<Dur Line="251">
					<Name>p6</Name>
					<Mult>4.556</Mult>
					<Pulse><Channel>2</Channel></Pulse>
					<Phase>
						<Phaseprogram>ph25</Phaseprogram>
						<Channel>1</Channel>
					</Phase>
				</Dur>
			</PTrain>
		</PTList>
<!-- UHPT-TOCSY-DEPT45 line 119->(p6*3.222 ph23):f2 -->
		<PTList> <Align>left</Align>
			<PTrain>
				<Dur Line="252">
					<Name>p6</Name>
					<Mult>3.222</Mult>
					<Pulse><Channel>2</Channel></Pulse>
					<Phase>
						<Phaseprogram>ph23</Phaseprogram>
						<Channel>1</Channel>
					</Phase>
				</Dur>
			</PTrain>
		</PTList>
<!-- UHPT-TOCSY-DEPT45 line 120->(p6*3.167 ph25):f2 -->
		<PTList> <Align>left</Align>
			<PTrain>
				<Dur Line="253">
					<Name>p6</Name>
					<Mult>3.167</Mult>
					<Pulse><Channel>2</Channel></Pulse>
					<Phase>
						<Phaseprogram>ph25</Phaseprogram>
						<Channel>1</Channel>
					</Phase>
				</Dur>
			</PTrain>
		</PTList>
<!-- UHPT-TOCSY-DEPT45 line 121->(p6*0.333 ph23):f2 -->
		<PTList> <Align>left</Align>
			<PTrain>
				<Dur Line="254">
					<Name>p6</Name>
					<Mult>0.333</Mult>
					<Pulse><Channel>2</Channel></Pulse>
					<Phase>
						<Phaseprogram>ph23</Phaseprogram>
						<Channel>1</Channel>
					</Phase>
				</Dur>
			</PTrain>
		</PTList>
<!-- UHPT-TOCSY-DEPT45 line 122->(p6*2.722 ph25):f2 -->
		<PTList> <Align>left</Align>
			<PTrain>
				<Dur Line="255">
					<Name>p6</Name>
					<Mult>2.722</Mult>
					<Pulse><Channel>2</Channel></Pulse>
					<Phase>
						<Phaseprogram>ph25</Phaseprogram>
						<Channel>1</Channel>
					</Phase>
				</Dur>
			</PTrain>
		</PTList>
<!-- UHPT-TOCSY-DEPT45 line 123->(p6*4.167 ph23):f2 -->
		<PTList> <Align>left</Align>
			<PTrain>
				<Dur Line="256">
					<Name>p6</Name>
					<Mult>4.167</Mult>
					<Pulse><Channel>2</Channel></Pulse>
					<Phase>
						<Phaseprogram>ph23</Phaseprogram>
						<Channel>1</Channel>
					</Phase>
				</Dur>
			</PTrain>
		</PTList>
<!-- UHPT-TOCSY-DEPT45 line 124->(p6*2.944 ph25):f2 -->
		<PTList> <Align>left</Align>
			<PTrain>
				<Dur Line="257">
					<Name>p6</Name>
					<Mult>2.944</Mult>
					<Pulse><Channel>2</Channel></Pulse>
					<Phase>
						<Phaseprogram>ph25</Phaseprogram>
						<Channel>1</Channel>
					</Phase>
				</Dur>
			</PTrain>
		</PTList>
<!-- UHPT-TOCSY-DEPT45 line 125->(p6*4.111 ph23):f2 -->
<!-- UHPT-TOCSY-DEPT45 line 126->  lo to 4 times l1 -->
<!-- UHPT-TOCSY-DEPT45 line 127->						;end DIPSI2 -->
<!-- UHPT-TOCSY-DEPT45 line 128->   -->
		<PTList> <Align>left</Align>
			<PTrain>
				<Dur Line="258">
					<Name>p6</Name>
					<Mult>4.111</Mult>
					<Pulse><Channel>2</Channel></Pulse>
					<Phase>
						<Phaseprogram>ph23</Phaseprogram>
						<Channel>1</Channel>
					</Phase>
					<Loop>
						<Label>4</Label>
						<Counter>l1</Counter>
					</Loop>
				</Dur>
			</PTrain>
		</PTList>
<!-- UHPT-TOCSY-DEPT45 line 129->  10u pl2:f2 -->
		<Dur Line="262">
			<Name>fixdel</Name>
			<Time>10.000000</Time>
			<Power> <Par>PLW2</Par><Channel>2</Channel></Power>
		</Dur>
<!-- UHPT-TOCSY-DEPT45 line 130->  (p3 ph3):f2 -->
		<PTList> <Align>left</Align>
			<PTrain>
				<Dur Line="263">
					<Name>p3</Name>
					<Pulse><Channel>2</Channel></Pulse>
					<Phase>
						<Phaseprogram>ph3</Phaseprogram>
						<Channel>1</Channel>
					</Phase>
				</Dur>
			</PTrain>
		</PTList>
<!-- UHPT-TOCSY-DEPT45 line 131->  d2 pl1:f1 -->
		<Dur Line="264">
			<Name>d2</Name>
			<Power> <Par>PLW1</Par><Channel>1</Channel></Power>
		</Dur>
<!-- UHPT-TOCSY-DEPT45 line 133->  (p4 ph8):f2  -->
		<PTList> <Align>left</Align>
			<PTrain>
				<Dur Line="266">
					<Name>p4</Name>
					<Pulse><Channel>2</Channel></Pulse>
					<Phase>
						<Phaseprogram>ph8</Phaseprogram>
						<Channel>1</Channel>
					</Phase>
				</Dur>
			</PTrain>
		</PTList>
<!-- UHPT-TOCSY-DEPT45 line 134->  (p1 ph8):f1 -->
		<PTList> <Align>left</Align>
			<PTrain>
				<Dur Line="267">
					<Name>p1</Name>
					<Pulse><Channel>1</Channel></Pulse>
					<Phase>
						<Phaseprogram>ph8</Phaseprogram>
						<Channel>1</Channel>
					</Phase>
				</Dur>
			</PTrain>
		</PTList>
<!-- UHPT-TOCSY-DEPT45 line 135->  d2 pl0:f1 -->
		<Dur Line="268">
			<Name>d2</Name>
			<Power> <Par>PLW0</Par><Channel>1</Channel></Power>
		</Dur>
<!-- UHPT-TOCSY-DEPT45 line 136->  (p3*0.5 ph9):f2 (p13:sp5 ph8):f1 -->
		<PTList> <Align>left</Align>
			<PTrain>
				<Dur Line="269">
					<Name>p3</Name>
					<Mult>0.5</Mult>
					<Pulse><Channel>2</Channel></Pulse>
					<Phase>
						<Phaseprogram>ph9</Phaseprogram>
						<Channel>1</Channel>
					</Phase>
				</Dur>
			</PTrain>
			<PTrain>
				<Dur Line="269">
					<Name>p13</Name>
					<Shape>
						<Par>SP5</Par>
						<Channel>1</Channel>
						<Power>shape</Power>
					</Shape>
					<Phase>
						<Phaseprogram>ph8</Phaseprogram>
						<Channel>1</Channel>
					</Phase>
				</Dur>
			</PTrain>
		</PTList>
<!-- UHPT-TOCSY-DEPT45 line 137->  d2 setrtp0^0 ctrlgrad 4047 -->
		<Dur Line="270">
			<Name>d2</Name>
			<gradientStatement> <type>GRCTRL</type> <num>4047</num>
			</gradientStatement>
		</Dur>
<!-- UHPT-TOCSY-DEPT45 line 139->  DELTA pl12:f2 -->
		<Dur Line="272">
			<Name>DELTA</Name>
			<Power> <Par>PLW12</Par><Channel>2</Channel></Power>
		</Dur>
<!-- UHPT-TOCSY-DEPT45 line 140->  go=2 ph31 cpd2:f2 -->
		<PTList> <Align>left</Align>
			<PTrain>
				<Dur Line="273">
					<Name>fixdel</Name>
					<Time>13.500000</Time>
					<Event type="CPDPRG2">
						<synch>no</synch>
						<gate>yes</gate>
						<Channel>2</Channel>
					</Event>
				</Dur>
				<Dur Line="273">
					<Name>fixdel</Name>
					<Time>4.500000</Time>
					<Pulse><Channel>1</Channel></Pulse>
					<Event type="ADCGO">
						<Channel>1</Channel>
					</Event>
					<Event type="SYREC"><Channel>1</Channel></Event>
					<Phase>
						<Phaseprogram>ph65</Phaseprogram>
						<Channel>1</Channel>
					</Phase>
					<Phase>
						<Phaseprogram>ph31</Phaseprogram>
						<Channel>1</Channel>
						<Destination>receive</Destination>
					</Phase>
				</Dur>
			</PTrain>
			<PTrain>
				<Dur Line="273">
					<Name>de</Name>
				</Dur>
				<Dur Line="273">
					<Name>aq</Name>
					<Event type="CPDPRG17">
						<synch>yes</synch>
						<gate>no</gate>
						<Channel>1</Channel>
					</Event>
				</Dur>
				<Dur Line="273">
					<Name>fixdel</Name>
					<Time>0.400000</Time>
				</Dur>
				<Dur Line="273">
					<Name>fixdel</Name>
					<Time>1.000000</Time>
					<Event type="Dwelloff">
						<Channel>1</Channel>
					</Event>
					<Event type="SYTRA"><Channel>1</Channel></Event>
					<Event type="end of scan">
						<Channel>2</Channel>
					</Event>
					<Event type="ipp1"></Event>
					<Event type="ipp2"></Event>
					<Event type="ipp31"></Event>
					<Loop>
						<Label>2</Label>
						<Counter>ns</Counter>
					</Loop>
				</Dur>
			</PTrain>
		</PTList>
<!-- UHPT-TOCSY-DEPT45 line 141, macro exp. mc 1->  MCWRK do:f2 wr #0 -->
		<Dur Line="275">
			<Name>MCWRK</Name>
			<Event type="DO">
				<Channel>2</Channel>
			</Event>
			<Event type="wr">
				<Channel>2</Channel>
				<Fileno>0</Fileno>
			</Event>
		</Dur>
<!-- UHPT-TOCSY-DEPT45 line 141, macro exp. mc 2->  MCWRK zd -->
<!-- UHPT-TOCSY-DEPT45 line 141, macro exp. mc 3->  lo to LBLF0 times td0 -->
		<Dur Line="276">
			<Name>MCWRK</Name>
			<Event type="zd">
				<Channel>2</Channel>
			</Event>
			<Loop>
				<Label>LBLF0</Label>
				<Counter>td0</Counter>
			</Loop>
		</Dur>
<!-- UHPT-TOCSY-DEPT45 line 142->	20u  -->
		<Dur Line="280">
			<Name>fixdel</Name>
			<Time>20.000000</Time>
		</Dur>
<!-- UHPT-TOCSY-DEPT45 line 143->exit -->
		<Dur Line="281">
			<Name>fixdel</Name>
			<Time>50000.000000</Time>
			<gradientStatement> <type>GREND</type> <num>1</num>
			</gradientStatement>
		</Dur>
		<Dur Line="281">
			<Name>fixdel</Name>
			<Time>10000.000000</Time>
			<Event type="end of sequence">
				<Channel>1</Channel>
			</Event>
		</Dur>
		<Dur Line="281">
			<Name>fixdel</Name>
			<Time>10000.000000</Time>
		</Dur>
	</Durs>
</Mainprogram>
<Delays>
  0.00000000  2.00000000  0.00344828  0.00000000  0.00000000  0.00000000  0.00000000  0.00000000
  0.00000000  0.07000000  0.00000000  0.00000000  0.00000000  0.00000000  0.00000000  0.00000000
  0.00020000  0.00000000  0.00000000  0.00000000  0.00000000  0.00000000  0.00000000  0.00000000
  0.00000000  0.00000000  0.00000000  0.00000000  0.00000000  0.00000000  0.00000000  0.00000000
  0.00000000  0.00000000  0.00000000  0.00000000  0.00000000  0.00000000  0.00000000  0.00000000
  0.00000000  0.00000000  0.00000000  0.00000000  0.00000000  0.00000000  0.00000000  0.00000000
  0.00000000  0.00000000  0.00000000  0.00000000  0.00000000  0.00000000  0.00000000  0.00000000
  0.00000000  0.00000000  0.00000000  0.00000000  0.00000000  0.00000000  0.00000000  0.00000000
  0.00000000  0.00000450  0.00000000  0.00001800  0.00000000  0.00000150  0.00000050  0.00000450
  0.00819200  0.00000000  0.00000000  0.00000000  0.00000000  0.00000000  0.00000000  0.00000000
  0.12500000  0.00000000  0.00000000  0.00000000  0.00000000  0.00000000  0.00000000  0.00000000
  0.02500000  0.00000000  0.00000000  0.00000000  0.00000000  0.00000000  0.00000000  0.00000000
  0.00000000  0.00000000  0.00000000  0.00000000  0.00000000  0.00000000  0.00000000  0.00000000
  0.00000000  0.00000000  0.00000000  0.00000000  0.00000000  0.00000000  0.00000000  0.00000000
  0.00000000  0.00000000  0.00000000  0.00000000  0.00000000  0.00000000  0.00000000  0.00000000
  0.00000000  0.00000000  0.00000000  0.00000000  0.00000000  0.00000000  0.00000000  0.00000000
  0.00819200  0.00000000  0.00000000  0.00000000  0.00000000  0.00000000  0.00000000  0.00000000
  0.00000000  0.00000000  0.00000000  0.00000000  0.00000000  0.00000000  0.00000000  0.00000000
  0.00000000  0.00000000  0.00000000  0.00000000  0.00000000  0.00000000  0.00000000  0.00000000
  0.00000000  0.00000000  0.00000000  0.00000000  0.00000000  0.00000000  0.00000000  0.00000000
  0.00000000  0.00000000  0.00000000  0.00000000  0.00000000  0.00000000  0.00000000  0.00000000
  0.00000000  0.00000000  0.00000000  0.00000000  0.00000000  0.00000000  0.00000000  0.00000000
  0.00000000  0.00000000  0.00000000  0.00000000  0.00000000  0.00000000  0.00000000  0.00000000
  0.00000000  0.00000000  0.00000000  0.00000000  0.00000000  0.00000000  0.00000000  0.00000000
  0.00000000  0.00000000  0.00000000  0.00000000  0.00000000  0.00000000  0.00000000  0.00000000
  0.00000000  0.00000000  0.00000000  0.00000000  0.00000000  0.00000000  0.00000000  0.00000000
</Delays>
<Pulses>
       12.00       12.00       24.00        9.37       18.74       16.50       25.00       50.00
      240.00       25.00       50.00    40000.00     4500.00     2000.00        0.00        0.00
     1000.00     2000.00      500.00      600.00     2500.00        0.00        0.00        0.00
     1000.00        0.00      500.00       12.00        0.00     2000.00        0.00        0.00
     2775.00        0.00        0.00        0.00    80000.00        0.00        0.00     1275.00
     4000.00   100000.00   100000.00    10000.00      555.00        0.00    40000.00      788.00
     1500.00        0.00    40000.00        0.00        0.00        0.00        0.00        0.00
        0.00        0.00        0.00        0.00        0.00        0.00        0.00     1500.00
        0.00        0.00        0.00        0.00        0.00        0.00        0.00        0.00
        0.00        0.00        0.00        0.00        0.00        0.00        0.00        0.00
        0.00        0.00        0.00        0.00        0.00        0.00        0.00        0.00
       50.00       60.00        0.00        0.00        0.00        0.00        0.00        0.00
        0.00        0.00        0.00        0.00        0.00        0.00        0.00        0.00
        0.00
</Pulses>
<Loopcounters>
           1          24           1           1           1           1           1           1
           1           1           1           1           1           1           1           1
           1           1           1           1           1           1           1           1
           1           1           1           1           1           1           1           1
           0           0           0           0           0           0           0           0
           0           0           0           0           0           0           0           0
           0           0           0           0           0           0           0           0
           0           0           0           0           0           0           0           0
           1           0           0           0           0           0           0           0
           4         256           0       65536           1           1           1           1
           1           1           1         624           0           0           0           0
           0           0           0           0           0           1           0           0
           0           0           0           0           0           0           0           0
           0           0           0           0           0           0           0           0
           0           0           0           0           0           0
</Loopcounters>
<DelayIncrements>
  0.0000000000  0.0000000000  0.0000000000  0.0000000000  0.0000000000  0.0000000000  0.0000000000  0.0000000000
  0.0000000000  0.0000000000  0.0000000000  0.0000000000  0.0000000000  0.0000000000  0.0000000000  0.0000000000
  0.0000000000  0.0000000000  0.0000000000  0.0000000000  0.0000000000  0.0000000000  0.0000000000  0.0000000000
  0.0000000000  0.0000000000  0.0000000000  0.0000000000  0.0000000000  0.0000000000  0.0000000000  0.0000000000
  0.0000000000  0.0000000000  0.0000000000  0.0000000000  0.0000000000  0.0000000000  0.0000000000  0.0000000000
  0.0000000000  0.0000000000  0.0000000000  0.0000000000  0.0000000000  0.0000000000  0.0000000000  0.0000000000
  0.0000000000  0.0000000000  0.0000000000  0.0000000000  0.0000000000  0.0000000000  0.0000000000  0.0000000000
  0.0000000000  0.0000000000  0.0000000000  0.0000000000  0.0000000000  0.0000000000  0.0000000000  0.0000000000
</DelayIncrements>
<PulseIncrements>
        0.00        0.00        0.00        0.00        0.00        0.00        0.00        0.00
        0.00        0.00        0.00        0.00        0.00        0.00        0.00        0.00
        0.00        0.00        0.00        0.00        0.00        0.00        0.00        0.00
        0.00        0.00        0.00        0.00        0.00        0.00        0.00        0.00
        0.00        0.00        0.00        0.00        0.00        0.00        0.00        0.00
        0.00        0.00        0.00        0.00        0.00        0.00        0.00        0.00
        0.00        0.00        0.00        0.00        0.00        0.00        0.00        0.00
        0.00        0.00        0.00        0.00        0.00        0.00        0.00        0.00
</PulseIncrements>
<Power>
           0      151.34        14.9           0           0           0           0           0
           0           0     1.96336      1.3947     0.34109     8.70963           0       2.384
           0           0      151.34      8.7172           0    5.96e-05           0           0
   0.0009536           0     0.10347           0           0      34.869     0.41389      1.6556
           0           0           0           0           0           0           0           0
           0           0           0           0           0           0           0           0
           0           0           0           0           0           0           0           0
           0           0           0           0           0           0           0           0
</Power>
<ShapePower>
           0    0.004584  0.00534273           0     0.24608      44.401           0   0.0042964
      44.396           0      44.396      44.396           0           0     0.24608           0
           0           0           0     104.029     161.709     75.5067     407.201           0
           0           0  5.4975e-06           0           0     0.95244      19.495      5.3275
   0.0025974           0      9.6707   0.0037531      3.2597           0           0           0
   0.0037531  0.00344105  0.00344105           0           0           0           0           0
           0           0           0           0           0           0           0           0
           0           0           0           0           0           0           0           0
</ShapePower>
<Constants>
           1           1         145           1           1           1           1           1
           1           1           1           1           1           1           1           1
           1           1           1           1           1           1           1           1
           1           1           1           1           1           1           1           1
           1           1           1           1           1           1           1           1
           1           1           1           1           1           1           1           1
           1           1         411       10000         100           1           1           1
           1           1           1           1           1           1           1           1
</Constants>
<Gradients>
<xGrad>
           0           0           0           0           0           0           0           0
           0           0           0           0           0           0           0           0
           0           0           0           0           0           0           0           0
           0           0           0           0           0           0           0           0
</xGrad>
<yGrad>
           0           0           0           0           0           0           0           0
           0           0           0           0           0           0           0           0
           0           0           0           0           0           0           0           0
           0           0           0           0           0           0           0           0
</yGrad>
<zGrad>
           0          15           0           0           0           0           0           0
           0           0           0         0.5        -0.5           0           0           0
           0           0           0           0           0           0           0           0
           0           0           0           0           0           0           0           0
</zGrad>

</Gradients>
<Phaseprograms>
	<Phaseprogram>
		<Name>ph65</Name>
		<Increment> 90.00</Increment>
		<Values>  0.00  </Values>
	</Phaseprogram>
	<Phaseprogram>
		<Name>ph1</Name>
		<Increment> 90.00</Increment>
		<Values>  0.00  180.00    0.00  180.00    0.00  180.00    0.00  180.00  </Values>
	</Phaseprogram>
	<Phaseprogram>
		<Name>ph2</Name>
		<Increment> 90.00</Increment>
		<Values>  0.00    0.00   90.00   90.00  180.00  180.00  270.00  270.00  </Values>
	</Phaseprogram>
	<Phaseprogram>
		<Name>ph3</Name>
		<Increment> 90.00</Increment>
		<Values>  0.00  </Values>
	</Phaseprogram>
	<Phaseprogram>
		<Name>ph6</Name>
		<Increment> 90.00</Increment>
		<Values>  0.00  </Values>
	</Phaseprogram>
	<Phaseprogram>
		<Name>ph7</Name>
		<Increment> 90.00</Increment>
		<Values>  0.00  </Values>
	</Phaseprogram>
	<Phaseprogram>
		<Name>ph8</Name>
		<Increment> 90.00</Increment>
		<Values>  0.00  </Values>
	</Phaseprogram>
	<Phaseprogram>
		<Name>ph9</Name>
		<Increment> 90.00</Increment>
		<Values> 90.00  </Values>
	</Phaseprogram>
	<Phaseprogram>
		<Name>ph23</Name>
		<Increment> 90.00</Increment>
		<Values>270.00  </Values>
	</Phaseprogram>
	<Phaseprogram>
		<Name>ph25</Name>
		<Increment> 90.00</Increment>
		<Values> 90.00  </Values>
	</Phaseprogram>
	<Phaseprogram>
		<Name>ph31</Name>
		<Increment> 90.00</Increment>
		<Values>  0.00  180.00  180.00    0.00    0.00  180.00  180.00    0.00  </Values>
	</Phaseprogram>
</Phaseprograms>
</Pulseprogram>
